V14,V12,V10,Class
0.213300005467725,0.931616966589053,-0.0787196523692437,0
-4.22036591807154,-5.03402974701745,-3.71748137540216,1
0.89971431478662,-0.2852871993879461,-0.34804081306913803,0
-6.57627643636006,-6.6992520739678,-8.303239351259,1
-4.05852343611281,-2.33027064686235,-5.45960189444545,1
1.1005756290301598,0.3064434599499289,-0.3464941108189989,0
-1.9982496386096105,-0.0900711266057462,-0.321400624015928,0
-12.875494222984099,-9.424844460491778,-8.33770697381781,1
-0.46330507249066,-0.21749219154745106,0.489029814120468,0
0.3574842601346671,1.32308443796168,0.00908002072370108,0
-6.2102577466102815,-7.14824263637845,-4.62498495406596,1
-0.239906656960485,-0.11543520557462,0.104454893542029,0
-0.951293230761033,-0.363770617364392,2.85906968459939,0
0.414903462961132,0.884161806454034,-0.8648893785234341,0
-4.6101384404744685,-4.48267863575862,-2.7767471443682905,1
-9.560169270871883,-11.898065148453,-12.780633936202099,1
-5.74894325155799,-3.27270458494442,-3.21618771830464,1
0.520559399207214,-0.102790015883441,-0.94055475080289,0
0.613966174767254,-0.249646372032156,0.55980417027778,0
-7.2083115791564,-2.42593281501277,-2.04216786301424,1
-2.3327933822480698,0.4830190276151911,-1.47497416110315,1
-1.63347202401986,-0.9358632864115308,-0.157696445821874,1
0.0400217679859523,-0.3210813656460769,0.299687690717198,0
-4.05716237716209,-2.77502154036273,-3.46389087904573,1
1.33391022784376,-2.30690930822961,-0.806787100342654,0
-0.142098601080574,0.43554195900858,1.28016674259048,1
-7.12231638408937,-1.96119460001748,-2.2767330733904703,1
-4.69115085524464,-2.64421945060054,-4.485482703962419,1
-0.499349578859305,0.9221844195147,-1.4812458605398402,1
-2.23862224442526,-0.491243315415958,-0.369908966047961,1
-7.0199015591661205,-8.48534657377678,-5.3903302556601,1
-5.012202358691839,0.092848590126307,-2.15251889070952,1
-7.672250311687808,-5.29231414644205,-6.4282308302230895,1
-0.535914254539886,0.242864297286518,0.931000686503417,0
-1.42561990549746,0.9740585159633072,-0.39438126178315,1
-13.4170122721265,-13.279699710528199,-13.2151722995049,1
-7.62431631397779,-4.165202322571,-4.7599313738501285,1
-0.819901849432008,-0.105359122514952,-0.55054534794377,1
-4.45210024854037,-3.5215293601365096,-2.75579692797163,1
-7.27986921938704,-6.30984277729399,-6.13490688724113,1
-12.289133385089901,-5.81040712597652,-5.25809597551632,1
-1.82958569948901,0.899549810332941,-0.999026450515394,0
1.5007937751700202,-3.0217601822032005,-0.164562674892883,1
0.446034201711668,-0.4838676156734521,-0.0690227006459811,0
0.793454025624065,0.5217545471959331,0.344069900290853,0
0.20277436419159606,-0.8088980435472171,-0.0973464811752632,0
-5.33014378246253,-5.83507521523889,-7.93964241937325,1
-13.4817046750119,-8.66303057554101,-2.32511344137919,1
-0.9381162437919308,0.686089911835766,-1.22947347518071,0
0.8242072965455541,-0.4451575284538689,-0.157302275329188,0
-11.4706925061593,-12.375374654316001,-13.0740681657723,1
0.875765045360348,-0.025395785353605,0.204405591501363,0
3.78526342081088,1.9589516386188,0.759580774233854,0
0.636654863603604,-1.05661729093456,0.693911962037614,0
-0.384842698627005,1.0165398189716202,-0.362318956214328,0
0.35885140279612,-0.19602513490415305,-0.402490992230305,0
-8.458974955569671,-7.26754953396678,-6.28780335064533,1
-0.0669571511689304,-0.0503545513580959,1.5701826104205,0
0.3792838758859071,-0.518294362854383,0.481207994318134,0
-6.325974612082732,-6.52566786025865,-8.233721369876,1
-8.76069451926062,-6.15018666957144,-3.99178463209724,1
-10.4686770874209,-12.15623949431,-12.835737682533901,1
-11.221804770978599,-5.89693656310926,-5.569142495546348,1
0.55420042754249,0.180377576004485,-0.534305250391629,0
-1.69202893305906,-0.503140859566824,-0.838586564582682,1
-7.3272215995796,-7.220019864414929,-8.51176669710133,1
-0.295595480194276,0.6281688956120071,-0.82997203881344,0
1.0275841718551,-0.8686862953199251,0.32423888609367896,1
-10.6911962118171,-9.854484822870369,-6.1878906297064695,1
-3.98841505479623,-3.57039373078107,-3.39355348115172,1
0.166726636119339,0.4454528442562679,-0.13155327955948598,0
-0.09769872244219903,1.4061761243383704,0.0294673752798866,0
-8.078240669038,-7.7408158639400995,-8.72024451506225,1
-0.290148529747698,0.532705592194675,-0.0709830412063242,0
-3.56511884467947,-2.51310432869389,-2.5166280017922,1
-0.6681807402683111,1.14196189881393,-1.3463350765858102,0
-0.22410677001152696,1.88959661168136,-1.25772774526372,0
1.3881792996127098,-0.978941130236675,-1.29749932177535,0
-0.841026443083235,-0.816468154507974,-1.43113851065283,0
-0.7495561724949,0.168732245053396,-0.960494888360634,0
-4.85777667212588,-3.70174966668488,-4.32053577559936,1
0.0489255413674329,-0.188835181998292,0.4577520628662861,0
-8.38844296921614,-5.99363242425938,-7.50955747436829,1
0.160876133090031,0.741691828455178,-0.14296792682615198,0
0.4191167188577221,-0.130648500392063,0.780824846110384,0
-0.33614135546548,-0.5481314490834199,-0.0932725445248241,0
-3.41515194777416,-3.15815569757752,-4.61450773315675,1
-1.16833941780754,-0.46034845602669,-0.43339392573189295,1
-0.7317916184404731,-0.42351999660561895,0.260077536137114,0
0.138390307254602,0.0443902649678707,-0.744662038696011,0
0.0438298558148349,0.129902216071252,-0.351487544513641,0
-0.951276497270626,-0.34565616976139696,-1.01848438977327,0
-0.00692101117073189,1.0530966785311,-1.8547527676798896,0
-0.252807711138048,-0.8864493021458991,1.5813685954245,0
0.659109436256199,0.0962206851707028,-1.07942419703842,0
0.254399803089478,-1.01670522681275,0.122688507555601,0
1.95927032315818,-1.38317304863573,-0.19012025407059904,0
1.7593146286385302,-1.8274631071163,-0.5001509376473279,0
-8.50943318717532,-6.40982235504524,-4.98092843827312,1
0.236829726758779,-0.269130114029061,0.7633204532853142,0
-0.763236726862081,0.998311986020499,-0.22305605726706,0
1.1310371753154298,0.0619169296942646,-1.28215430518218,0
-9.634689712636119,-7.83953899762349,-5.1530946098992585,1
0.0414695592880169,1.09905524445695,0.0293507048235123,0
-1.47864905555722,-0.112611122194922,0.374431855543074,0
0.20399599745436706,0.270207519202726,-0.23158888297960106,0
0.591384458094122,0.6780377193054439,-0.631677575499378,0
-4.2672960668817,-3.19191476820242,-3.07555830950402,1
1.46738022790853,-1.5562583687347902,-0.907429697022862,0
-4.99399178918475,-0.835695915134352,-2.544410418956,1
0.13474100359853694,-0.395937045347336,1.54550278660776,0
-10.787050570020199,-5.031868148272482,-3.9765251385750298,1
-7.862808526387662,-3.05540513135176,-5.48742458295368,1
0.455976331535543,0.4168405692984861,0.522138884108918,0
-3.8114281425371,-7.221590004268,-5.62467713431414,1
-0.220535034287601,0.130018466613588,-0.856732000311712,0
-14.1074642630375,-13.7429528415799,-12.2653238444006,1
0.444008077354937,0.156800226024267,-0.0562898448497471,0
0.21746976017871894,-0.00542329080098884,-1.7690597207318,1
-0.840837645514672,-0.161168540662807,0.38924735644069897,0
-0.4077800976147679,0.555977106617809,-0.300024591846877,0
-0.0952212768166086,-0.115731067130828,0.8603086847501509,0
-0.341818827179002,0.486806543449137,0.775313319762889,0
-13.5170724083842,-13.886595158524802,-13.002709301069698,1
-2.420715975085,0.25769709094737697,0.541699242973355,1
0.198122529890274,-0.570810950342205,0.7776826196220191,0
0.986333939409597,1.43071952981854,-1.07503107457048,0
0.0537835591667362,0.265215654923503,-1.4546025513566598,0
-9.150951005620973,-6.15136219091534,-4.06309810827338,1
0.16285002423173098,0.834578902169006,-0.0822421294990374,0
-3.9419651045946096,-6.1726299183130715,-1.87333085278999,1
-14.5559572107641,-14.2750918465127,-11.298156491538201,1
-5.4195898691679405,-2.8200421882306803,-3.24510859732028,1
-0.0610608024480053,-1.4801115073671498,0.43232985029108895,0
0.582015847342474,-0.5066330504633589,0.12844443311178802,0
-0.26903578246846,0.8136553435263709,-0.189828232786712,0
0.112464842997693,0.22955096518191104,0.17275655855721,0
2.1923399961422603,2.01703974910639,-0.45727695406125,0
-13.2025053438681,-7.836252798322259,-6.12071508667922,1
-0.378620295425749,-0.309965572289823,1.6668777552699,0
-7.974250523323491,-8.24589788162945,-7.86450647898838,1
-4.68361969585018,-0.94491647902938,-2.10066651278309,1
0.0160870050482155,-0.61381552858098,-0.0913533730643921,1
-12.1565865835299,-6.33182479621436,-5.5334430286147,1
-3.45519657744236,-3.5304362700802403,-2.4956192454817403,1
-10.733854103230598,-8.94817857893317,-6.0454677977880085,1
-2.8019154230972405,-4.00241403073237,-1.8861759904176296,1
-0.8314826087959699,-0.8143098461457041,-0.0492328559624844,1
-1.76581036649011,-0.5528201365880689,-0.626419148151211,0
-1.8248391049467296,-0.32975933965680393,0.24931080342673,1
-0.552164900210575,-0.0621070668208712,0.686717822778055,0
-0.35853969833066096,-0.50784435645378,-0.89920782986621,0
-14.094451660329002,-17.003289445516,-13.320788867178399,1
-1.62499297173203,0.9572788513635808,0.229891954314582,0
-9.177166370091461,-8.87374836164535,-5.13445447110633,1
-8.49081262174082,-4.93828359985114,0.5666798140040861,1
-5.07984568135779,-5.66149242261771,-7.87012194292549,1
-1.95887596969497,-0.4906973873412979,-1.96530880945923,1
0.293627829039963,0.261974784516652,-0.9172501400853922,0
0.410042074385406,0.6277742069595961,0.0226899106273487,0
-0.19854233043216105,0.612020198332291,-0.399898289650335,0
0.15735378336240602,0.8468702031435269,0.77836648208026,0
1.2899070517848898,-1.94813110234084,-0.641926515993567,0
-10.1498129226371,-4.6550713248720985,-3.96322447209244,1
-6.10655192524523,-9.29980722738699,-5.110727642478531,1
1.28384326627176,0.22240816019967105,0.165660281341211,0
-0.967014356598192,-0.293887080434293,0.38755729411522905,0
-3.65749040377527,-4.28352931016896,-3.42605225253339,1
-17.6206343516773,-14.168120881937599,-13.6913151328525,1
-4.28799577702192,-5.26720466981905,-4.5335154033258,1
-5.428788498704881,-2.7435513591494503,-4.05629261571005,1
-11.5714234295766,-7.56286042898412,-3.23543895742654,1
-11.5838983872121,-5.84955800710779,-4.07758540918968,1
-0.284589262870329,-1.4049962049722,1.29771241065874,0
-6.5991261303635005,-2.4148223375383,-2.8084555425422995,1
0.6020790481024111,0.173907854576096,-0.0263184275366934,0
2.1227810598458503,-2.79599089585691,-0.407466317269784,0
-17.230202160711,-16.3880541668327,-11.6271935556579,1
-8.82935922766409,-8.26164983722413,-8.9286556608751,1
-5.84352838067721,-6.21094112120869,-8.120961737593431,1
3.4424219959421496,-1.4716965883437698,1.78592177154007,1
-1.38121354248053,-0.5673800648959211,-0.792937990748917,1
0.12935398542105198,-0.6310139060666371,0.24903484071081305,0
0.105445937406087,0.4328279118490779,0.367834631836918,0
-0.7134715794801609,0.274864323970994,-0.8036445464342851,0
0.233117527293948,0.299768943478571,-0.147939860992539,0
0.327762204291839,-0.0569751036354113,-0.385233806180117,0
-13.883778549111199,-15.479052483201599,-11.5619497720699,1
-2.3725517977789505,-0.690550364277623,-2.24811517395215,1
0.0343058933602711,0.00350148961921981,0.583208117594869,0
-7.07689932873899,-7.0464278465108015,-8.44226241787632,1
0.402005567656969,0.0221023357536105,0.101238847682283,0
0.14643394692422698,-0.22921398278977,-0.204366234490286,0
0.18532143750330105,-0.30682789089336604,0.461500594405931,0
-9.50514082568186,-6.65573446968769,-5.638941312848071,1
-3.63200199645542,0.34407227340197,-1.0998622038798898,0
-0.31814502574016496,0.001303205346631,1.58920310039824,0
-11.412329595125199,-15.5316111795156,-13.2025771482197,1
-1.5276105857361,-0.628691752151043,-0.495729912214795,0
-1.80810297319338,-3.25970246526323,-1.44537495699985,1
-0.7505924028645699,0.520127463843994,-0.8167756098147849,0
-5.76582302154173,-4.05335784837839,-3.51413330486723,1
-2.97131675769274,-2.54917730779636,-2.89525166830126,1
0.23929955277659806,-0.7658805058951221,-0.0229168897755751,0
-7.46296062676276,-4.93815929027047,-6.54098852025393,1
1.3228872544826498,-2.0438683867492897,0.9128060961433028,1
-0.0874372123520453,-0.641931080864482,0.856105182368525,0
0.363358352120488,0.485462001272773,-0.215303875531592,0
-8.229951992100482,-3.73515295429888,-3.0647295309312703,1
1.0776317943713,-0.43657552988004295,1.03231627689995,0
-0.407816079966941,0.671310504485494,0.9966662436545972,0
-4.54955674371782,-4.97692104108215,-3.83477508791878,1
-0.4316900537317371,-0.238382663867126,0.5175678799143649,1
-11.7367291212569,-10.4752286504099,-7.4548406507835105,1
0.6829387122845679,-2.64361526492868,-0.497799930008753,0
-0.441847525427634,0.343557608197834,-0.681552710766422,0
-12.9914655817567,-9.44594338249901,-8.0991193981365,1
-1.94888334870021,0.728903319843614,-0.888721675865145,1
-0.175512261837699,-1.02694630715643,1.4992068020499798,0
-6.45502910306118,-0.553179939159781,-2.63744174460075,1
0.389987000718296,0.6445369400374781,-0.08582554091918901,0
-0.598452287373037,0.429873762696069,-0.4530115583357271,0
-7.44529583374444,-1.4629451764881,-1.34755671450971,1
-5.417499345396429,-2.32517912777326,-3.9952107340321295,1
-4.6037966920746385,-5.395221176789369,-4.431809631728201,1
-6.332512814541,-5.653269702403518,-4.15369240632128,1
-10.7321089251086,-9.65660635996176,-7.78135276287243,1
-4.25246559869278,-1.46320692427849,-0.373927299894818,1
-0.306530061381542,-0.919995433688971,0.991987180276418,0
-6.0656218797665,-3.5018037792943,-2.22307032799021,1
-9.25230724747513,-7.52011739288703,-4.95949291161496,1
0.475373941403936,0.88453594211045,0.247819018414249,0
0.5227075601179221,-0.24103343735072305,-0.177113081507001,0
-8.65826843157538,-7.49878345527601,-6.44720227383046,1
-10.140200337183,-13.104933466201198,-11.2014000859835,1
-0.246799865894478,0.18673466199342295,-0.00912682957018998,0
-12.875494222984099,-9.424844460491778,-8.33770697381781,1
-0.289769624166159,0.4798690570759021,0.315663742137533,0
-0.201389016217172,0.3562025264139629,0.777299810028625,0
1.7743368750051298,-2.46413400657144,-1.98857115910459,0
0.0609072572986173,2.01598140940654,-1.3111766314491298,0
-9.37385858364976,-10.8340064814734,-14.110184441545696,1
-0.764355284740104,0.604338869114541,-0.39799457678079503,0
-7.24554959537009,-6.63622904939297,-5.69992228265959,1
-6.947010309023369,-6.9438906182394815,-6.8254901042394005,1
-15.445025811801901,-14.296091425833099,-11.435623996076,1
0.23677045818368805,1.08141885181216,-0.0236100293083777,0
1.6486454039639398,-2.0675805655163897,-0.441382790619807,0
-0.404898334617376,0.4780243745850361,-1.5379711506860398,0
-13.694873039573,-13.064239893678401,-12.805683189811699,1
0.593707545659426,0.349915712032539,0.158557134231657,0
-6.416627975974508,-5.03046479695456,-5.245983837769639,1
-5.9261310412209705,-3.12745594474482,-2.16206139007752,1
-14.116156007430401,-17.1829184301947,-12.9654812039222,1
0.170836659501269,0.723048961344757,0.0573267182597407,0
0.459060687467735,-0.7607440220934641,-0.0641343630094407,0
-4.51012391529804,-3.1005456578695,-3.09509360697848,1
0.21333356932186495,0.970279478736565,-0.8734487611601558,0
-8.7554491326517,-5.14273660303602,0.453505060416619,1
0.358343283518764,0.5318592595020321,0.0049621270962448396,0
-12.4567059527055,-6.518648822482492,-6.646153829521482,1
0.493254777199076,0.527097075456233,-0.105650351743798,0
-5.967904968616391,-3.9842567303491,-3.37617706712688,1
-7.57755201800709,-7.3936149921500895,-8.58126551626339,1
0.008558863014812141,1.11119763374416,-0.0715485374148619,0
1.4940470056206498,1.09560594937591,-0.490851701570589,0
0.033669526928029,-1.24475112680027,-0.33542332123072,0
-5.19918574342056,-2.22739840581069,-5.032028385668191,1
0.4503089333989721,-0.6122952294979921,-0.160961509261568,0
-2.38771302014619,-0.4239297169144121,0.164913162942595,0
1.95782325733784,-2.60464194526322,-0.305684421262965,0
-7.9149890074828315,-5.01960988798824,-5.4160368888465715,1
-1.02677658130051,-0.653029257478802,0.44176637142984,0
-8.636297393652589,-3.97843975507806,-3.4192073840566404,1
-9.57466229922106,-8.77857203246194,-9.153368038345867,1
0.515299058269913,-2.85564525687203,-1.06515358763249,0
-5.20830522179452,-4.583095845456421,-1.25028553742691,1
-8.66077095912039,-8.06609609331146,-5.11725920989043,1
-5.60634642932959,-6.16353737959229,-6.260705514791138,1
0.577969764639752,1.11168888603702,0.0262536543741665,0
-9.98258470738767,-9.150822684670429,-7.145136625273019,1
1.36964826480339,-0.5986831531549021,0.891147464927562,0
0.7417394174082959,-0.417886943693936,-0.306759356463426,0
1.00069038842902,0.5834253197618471,0.536167198727057,0
-6.35301985790071,-3.8309980112302,-2.30110989675506,1
-0.936323061153404,0.131202631658574,-0.13913428154747,0
0.430823108735585,-0.31280441951001503,-0.20199937810127,0
-14.094451660329002,-17.003289445516,-13.320788867178399,1
0.756094208333446,0.841897674807261,-0.5631487820041611,0
0.551728995620086,1.10864329163225,0.118621146005883,0
-0.597674819896937,-0.5860818600841651,-0.479817384954774,0
-12.623316046431999,-13.542095596465002,-11.589748311433,1
0.22124356407483306,0.827825233137981,-0.247378237773528,0
-8.98305216762269,-10.178995535122,-7.17534972178322,1
0.8564287751756992,0.527841358410859,-0.576884378477859,0
0.352356830396948,0.4709250850043401,-0.6426965012510251,0
-1.88616230658692,0.9038193496133272,-0.989431189994817,1
-12.784345887354801,-13.3778574339457,-12.7447607871859,1
-8.56945415472099,-3.1719366117854904,-4.5652600954372,1
-5.32728665168661,-4.39273243849001,-2.83487115980611,1
-0.305307433698774,0.8590418950786001,-0.0294326317007617,0
0.6196437658627341,0.23976346410499,0.94570609707811,0
-7.417712064750531,-8.67081800476226,-6.999906633865218,1
0.38963668237141497,0.747713880135684,0.921124412365564,0
-0.37353928696603095,1.38989865817811,-0.19804382194923,0
-7.140418033494751,-7.74312234505579,-9.33212806886128,1
0.8547410617752329,-0.550454380880288,0.167990239568681,0
-4.8528669146236,-3.82670531942496,-3.46568908576121,1
0.0103064192216846,0.409998895873891,0.933510189927106,0
-14.690729133641,-15.969207520809,-11.4204509744097,1
-1.42206385294204,-0.323794189703165,-1.00080505203989,1
-8.14932178394224,-6.11966735264192,-5.995676127031982,1
0.315311341897893,-0.634052511768307,-0.31488814046464103,0
-0.011332020539433002,-0.953328937904946,1.52379208510727,0
-13.602211465597,-14.4686550955305,-11.1412776902967,1
-0.0781672652461916,0.6929178139740121,-0.967679945019479,0
0.573856720884614,0.5687812951545771,0.126045317121471,0
-0.45607695680899,-2.77675657494788,-0.5542239005258729,1
-9.6576265944335,-7.22000368560677,-3.71744992918956,1
-10.5164652105548,-4.5477421854241,-4.0702568632458105,1
-0.0890166547759786,-0.252235317183433,1.34213431876455,0
0.7135458477853991,0.430682188761048,0.266809520673633,0
-0.17499644022131,0.56757602052838,0.600805473093215,0
-9.07271093398351,-4.61075647740608,-5.0525023671385805,1
-0.8561670337087901,0.7267647446562329,0.400926249667596,0
-4.32898899462283,-6.1470535834303295,-5.66586179854092,1
1.5088084184140802,0.0152434614668395,0.494991628639911,0
-9.90916805374299,-10.1375291936462,-6.86416435989436,1
-8.39657296658687,-5.43735368941346,-3.92650993997042,1
-11.606970376076601,-11.7939788348294,-14.226698057528699,1
-0.5235974000265701,1.08257731138464,-0.22955914767857605,0
-10.8606980453666,-10.001046368327,-7.29780335001461,1
-4.68380643176166,-2.58749931359948,-2.64940583024547,1
-7.7721973546150185,-4.47804406487578,-2.9716952359177,1
-0.985365018735036,0.539429575494653,-0.399417941954923,0
-7.84094220494304,-11.1240186070579,-4.13889121357616,1
1.48245444972227,-1.95474412740568,-0.508427166531659,0
-4.74441333023745,-3.65680265130054,-2.734155555072109,1
-3.43173796295146,-2.31695189213093,0.169572797878818,1
-0.249608245587311,0.29646323908660105,-0.701830283328514,0
1.0752476539262,-0.22071879778947895,-1.5316079820608202,1
0.5893597598109239,0.51912133521886,-0.524724358233458,0
-0.0296942188095469,0.180189727217649,-0.187711811199531,0
0.8407391645854371,1.24412024948448,-0.5225226198784461,0
-4.21175592358692,-5.94840312668093,-5.56794705115052,1
-0.8193193648095841,1.37594135044076,-0.37167194516821705,1
-7.63696288811138,-4.61900987976999,-4.82077941422469,1
2.44852199981037,-0.278070023575753,2.08563716361245,0
1.88167428620145,-2.82635666584913,-0.276742023563172,0
0.334119448067333,-0.7220230818200609,1.33441406239882,1
-0.0137810387040982,-0.494117271520415,0.6581564252155071,0
0.36251225774407,0.535809338249596,0.0460238572582118,0
-6.5905502970519185,-8.24326243368313,-6.199881762741881,1
-8.13869488434773,-11.3490285500915,-4.59495176285009,1
-0.23392210270887,0.37012031949168,-0.19480995521437305,0
-13.9062968240505,-12.6110036871047,-13.608143162727899,1
-4.7045087050312,-3.9181998797616,-2.8290982053898994,1
-10.3848897408947,-5.657857540918161,-4.59238980599474,1
-12.9914655817567,-9.44594338249901,-8.0991193981365,1
-5.75721608217278,-3.308721722205,-4.02912871953916,1
0.0194522017459299,-1.17034912877936,1.61957934946545,0
-0.907035042241092,0.6658845430205129,-1.1461335852209098,0
-3.82289410599595,-3.99337305447702,-3.53865023182429,1
-0.0702169659941754,-0.299547557865182,0.902957180134591,0
-2.3066447878315897,-0.0543808429292316,0.0856615347524881,1
-0.739832595647393,-0.30108716465294,-0.223357120968274,0
-8.107974660858307,-8.67967880327782,-7.7484800495058215,1
-4.42919458671376,-0.30921887342436305,-1.92527812380296,1
-6.4358707376348,-4.63512694781183,-3.16213595485783,1
0.375207630164554,0.314439107967992,0.0864458340939007,0
1.11571660092212,-1.38298116502541,-1.82123484983799,0
-7.56013197197136,-7.802227789712808,-0.870997150804889,1
-2.901189810742141,-4.83615901427864,-5.52913123107677,1
0.0808632571461877,1.46845180075492,0.12421461205587,0
-0.868299960850499,-0.26831873850147697,-0.5359027354525039,0
-1.17586798371485,0.0109746062691904,-0.851907265853697,0
0.0691467577157832,1.09539907641393,0.870401604697187,0
-5.59136368933409,-2.82494562476694,-2.89499040084744,1
-11.5670059165135,-15.835718807734402,-14.5331616869738,1
-1.28134284976072,-0.101366584938842,-0.7217758532622579,0
-0.256135365631103,-1.38751209637474,1.4875314984531,0
0.140259843750155,-0.287372194069944,-0.29229126004175604,0
-9.798012076589039,-10.7495919949504,-14.676470249746401,1
-0.31959656331732106,-1.50139277550349,1.14863964895049,0
-0.680443264669203,0.644263863770769,0.159173360555255,0
-8.57897327333454,-8.088033512136509,-8.85919405880884,1
-5.46202621505141,-2.01685816046932,1.34001478504193,0
-10.924186865147,-9.928699942995381,-7.191604246182259,1
-13.0287170264518,-13.547485899944403,-12.8306571996417,1
-0.0649845696247616,-0.8616727202296801,0.524847921600464,0
-4.652803806681121,-2.24286436771513,-2.13317644293659,1
1.6763124153960702,-1.91358895195648,-0.532400333394287,0
-0.5304691456829579,1.0441541745551,-0.321984725499158,0
-9.377878452317633,-6.9847714772207805,-3.55198400939375,1
-13.7789556397675,-13.2116950297251,-12.8881582878915,1
-13.237558513960302,-8.49348798082106,-2.23906626105695,1
-11.002289061530199,-5.96148766039896,-5.83645272742826,1
-7.13215063894307,-5.69407428254804,-6.56465926230671,1
-9.809881502070553,-13.556130130146801,-12.9389293107706,1
-5.87143807802568,-0.407550442912615,-2.3147471636848103,1
1.09410306090856,0.0309335529320309,0.611778799515962,0
-7.46010298330266,-6.848977934476769,-3.28820356526528,1
-3.08774290682652,-5.40376835689762,-4.36310219273296,1
-7.36463881998297,-3.61312502993317,-3.90674573293228,1
-13.0441824003561,-13.697685618468899,-11.6344144245911,1
0.513152073795197,-0.205534147263292,-0.529305841633624,0
0.111534493974867,0.22858620946841895,-0.891412106931327,0
-4.18455528093394,-6.110443232872349,-4.5139066047233305,1
-1.38627996639358,-0.292339677822197,-0.7931959284707131,0
-1.14231014267866,-0.89152691010125,-0.692983016286159,0
-0.187905684575845,0.12927234501498402,0.940597920519753,0
0.169295656478422,0.935274140253694,-0.16457656926406602,0
0.33119304914285,-0.16783184717017002,0.668172530953157,0
1.31728213476942,-2.0395541299135,1.2599541661978,0
-14.666388972654099,-14.9854337328686,-14.166794659606,1
-0.3018871660209,1.5420626537208602,-0.0986314939781631,0
-2.4211638932676296,0.9499412955452528,-0.9160795965057592,0
1.34364255100854,0.276919019694152,0.225987397519333,0
-0.514454480395316,0.27686028120294703,0.266440441422728,0
-9.057992529437447,-7.309747983823709,-3.94423849794435,1
0.450095772134045,0.7361057543340799,-1.3634382513408798,0
0.164692757060428,-0.146833976093384,-0.0893740785632532,0
-0.484826822181174,0.293918474647372,1.34355220344633,0
-7.6286519159732595,-7.888977519509879,-6.60046062150676,1
-8.416681212122741,-8.27784094846266,-6.067798150378599,1
-10.006243429625501,-4.85831164395338,-3.8517216648754,1
-9.266120184945589,-5.883724360606201,-5.6536376856402,1
-0.9808995801935873,-0.7115086486858121,1.30979755469554,0
1.26914167730029,-1.064427709201,-0.340015261989749,0
-4.46105120749925,-0.487849732811135,-1.87964382107016,1
-6.39337284276668,-3.2994723698517205,-3.15812700566592,1
-5.21014084572584,-3.09691489835154,-3.23215317539514,1
1.12431724338874,-1.7139171573066898,-0.554170804723583,0
-3.8282681789647297,-5.41888894354848,-4.50131480977758,1
-11.8521613037824,-15.0941631493865,-11.786811655604101,1
0.4021472489063629,0.568282854773767,1.2313561290304098,0
-6.17736456586248,-5.83973605661705,-1.4706452575308,1
-7.62871014660448,-8.50778570734412,-4.5469357508108486,1
-0.28235261037646003,-0.376946168200837,0.159809727156828,0
-0.0988198717395871,1.02415863215434,-0.035394433035698,0
0.546189095731636,2.51812793644341,-0.301087846117915,0
-0.458873567925237,-0.914855785206891,0.7503657009202729,0
0.26786135306791,0.29123400582401504,-0.0616978289340743,0
-0.825880613186312,1.15004013106283,-0.308475309244491,0
-6.60806825219469,-7.33371406736393,-6.23456133227108,1
-5.28167813117348,-2.21069105518154,-4.00174208524931,1
-4.715521239880969,-0.6290858307188821,-0.0451253297662453,1
1.35238245165041,-2.41965208254252,0.4356918281426521,0
-7.89190877856627,-8.077093645902233,-6.3197075089633294,1
-8.5520227319441,-8.75277008726404,-4.72309174576035,1
-2.96920095585607,-0.0225614827826197,0.398155064675901,1
-4.82032224395007,-3.3421759957595496,-3.50579032571994,1
-9.57719439289905,-8.70787929219866,-8.33286306292127,1
-0.490817162104874,1.2995331497506102,-1.5915678056613702,0
-0.215155054102409,0.6310303650630339,-0.7892585375319,0
-0.659515485877288,-0.6854560544341659,0.554175450320146,0
-4.955823304302768,-3.46236188507757,-2.65971794652165,1
-8.44287285721034,-6.4532473302497015,-6.35388725151755,1
-11.872845098188,-10.399749117769199,-6.80713525144464,1
-11.1820634139742,-8.62905440849263,-7.060746181693058,1
-8.48579450596077,-3.98641621648026,-3.202436122388721,1
-0.711304662149601,-0.0609803843220478,-1.33250261092131,0
0.111101168393321,1.4640992267376205,-0.533951225927359,0
0.730956101009325,0.181871777946902,-0.675215016839955,0
-8.32860088836825,-7.914422366303492,-8.78972336330438,1
-1.9693090209452095,-0.945427373461336,-0.6330935855529161,0
-0.46508397036242,1.62079194540492,-2.62246646343279,0
0.735674796309234,-0.0501146211951299,0.117323172389967,0
0.682699948967942,0.8136580757239901,0.12216872526132598,0
-5.16060809721957,-2.45433920979968,-3.22678710680364,1
0.0366836429131328,1.4266368802528402,0.0315243394418948,0
-0.237160593045514,0.54808108321398,-0.0997937643804719,0
-4.3463476308633,-1.94444112769897,-2.29773425918487,1
-0.6062674115398851,0.788847707563221,0.0718955368029117,0
-5.8760673212492405,-3.96968929955842,-3.07669858515182,1
-8.05104890186539,-8.04228514248667,-6.54624181523522,1
0.8096370521107741,0.9204975781125608,0.31001219923636103,0
2.83063681328911,2.82052466338451,-3.13160440424129,0
-2.13515486441111,0.17909486429195,-1.4294901237515,1
2.62678450191882,-1.37388197720872,-0.9132338693100392,0
-1.21818806360529,0.7540835301000941,0.257792763833414,0
0.495747387501197,0.39020342137250497,0.0928131086968978,0
-0.19162039632257,0.525127511222981,-0.107943186135318,0
-6.7455613161914805,-6.01115469172088,-5.175659679561691,1
-4.62948099682303,-3.67771661422902,-2.9989262562074,1
-10.904458873150801,-5.4509164388957,-4.56525209408734,1
-0.247808055120745,0.0261196295862065,-0.319568022980629,0
-5.16522922685485,-3.68263987014104,-2.97526724837752,1
0.715014598096705,-0.16068979047520002,-0.594853512434519,0
-6.28431406964108,-4.5403416445233,-5.7115047404778805,1
-4.69799687128777,-3.9105215001881497,-4.39084192218279,1
-3.26647554459315,-6.54261034532574,1.07741752106048,1
-1.18166939064494,-2.5626024077457203,-2.7963315385860894,1
1.20916311836873,0.710442907134053,0.14198831268998902,0
1.04120119598801,0.7161558508922121,0.19654064847164,0
-6.7781837215252185,-5.962261421657599,-5.996595920159152,1
0.23964342628195104,-1.01220125728814,-0.0743626076216505,0
0.081077371697043,0.26591271770427,0.122993155490009,0
-5.14182349291966,-0.535839387011391,-2.23120932812687,1
1.00972340542004,0.234608920135534,0.185019339083448,0
0.415290927866901,-2.8557906192887503,-0.0661695589902859,0
-6.76663337149207,-2.99881490434833,-4.62691916410905,1
-0.543903495390535,-0.121897957685296,-1.52510405152055,0
-4.39363360177944,-1.6898355101423002,-3.44381902213252,1
0.330275201007221,0.83469847403755,0.23580555024554506,0
-0.264936238828755,-0.8580599158957499,0.166830707878014,1
-6.16045662030601,-3.5813745013029905,-2.85611682977408,1
-0.33030580375144103,-2.5475568142293104,-0.592472935320844,1
-0.122520331399939,0.6028824584350629,-0.17725838973258898,0
-4.01578678027745,-2.3795996110892297,-2.96199570179906,1
-11.0301103643432,-17.1504052507291,-11.0923923688428,1
-0.994580854433906,-0.8188036937467429,-0.5529029064225041,1
-10.5440113995705,-5.20837397192841,-4.707570806112041,1
-8.724495602022639,-5.969161634302631,-4.868747268251809,1
-11.534046018150802,-8.57676143258937,-8.40966487562735,1
-0.15203016814431194,-0.097257276857601,0.605261666833632,0
0.214306110196442,-0.088534965397748,-0.612896204743798,0
0.0917512890529784,0.641215871924922,-0.35139611301457896,0
0.8142571041170491,0.298646258956146,-0.46582672490866,0
-11.608002257099304,-8.68160893168352,-8.53775768653457,1
-7.68780276684597,-7.09982534281257,-7.52436833681058,1
-1.81638414654661,0.5014352421174171,-1.61361833850235,1
0.110797007099099,0.0925414024327286,0.343709204125811,0
1.5710801214626002,-2.777649223895,1.07295520625891,1
0.4919150897365109,0.908724397499604,-0.198164322970742,0
-3.17464556871173,0.226983097381857,-1.26101848100562,0
-6.67997675520914,-5.58369692598496,-3.62477471396623,1
-9.825054421027213,-8.95219071159749,-9.222825507309778,1
-7.320272022110231,-8.76211333956078,-4.45800770078481,1
-5.94500331282299,-3.00268415590657,-3.35647371355361,1
-10.447632938235,-11.1024933822497,-6.68368922880726,1
0.223084756518076,0.0680767655909407,-1.07662012237466,0
-0.42611726739387,0.0106646072453928,0.630070824700809,0
-0.171281865255903,0.33833597347175604,-0.5215177205622991,0
0.7272420858148481,0.0236821347785728,-0.71347376073502,1
-10.716339301877401,-4.74769250131792,-3.05121035544102,1
-0.321467116480712,-0.7603178356677641,0.658116164261683,0
-3.51284546122181,-0.929370065771482,0.0422275201898101,1
0.128396792696126,1.4095335090422902,0.0655409280665229,0
-8.48579450596077,-3.98641621648026,-3.202436122388721,1
-1.0749990413737098,-0.4178980266533761,-1.0253353925611302,1
-0.176150309916398,-0.8067920797071869,1.29356050481913,0
-2.73594037401519,-3.5005422647987903,-3.58281002008802,1
-4.45889502952153,-3.91467935228848,-3.23678401592309,1
1.22548489850344,0.8114259018623949,-0.5591502278725841,0
-3.6888259954022096,-0.338775118165825,-0.887241636246378,1
-13.010749369797802,-7.60726146360792,-5.94563397292191,1
-0.79983729993954,0.0833540105744919,0.0902570884897133,0
-4.94261241607845,-0.741087888346352,-0.628463195272087,1
0.141331683969234,-0.97376404264957,1.08151398923906,1
0.7533321351490401,0.316630303596908,-0.278261254856179,0
-1.0340845353501802,-0.118859954244609,0.432107759857514,0
-0.412739272558714,0.7623832748887821,-0.714295952984048,0
-1.11273543930467,-0.324703760782435,0.264544748886681,1
-0.09468955252982,0.332497082396984,0.560045399014877,0
0.41767801169204,0.908945987311946,-0.0794208660870831,0
-7.82789139878016,-7.5672135406993695,-8.6507583293562,1
-0.126756361711439,-0.7873727379555521,0.225933803313285,1
-0.7297069280094829,-0.5789137427048621,4.03143505114991,1
1.924720385866,-2.55821952327242,-0.607659256731874,0
-0.30410338472175896,-0.24732626067552105,0.487502330990648,0
-0.390746544808356,-0.20277184047616695,-0.236232373358415,0
1.5568608605426002,-0.25538661345368,0.170522861387305,0
-6.96497247579046,-4.5636747378825095,-4.25071651144568,1
-0.5574368448072591,0.5584779014049821,-0.322845011809242,0
-1.2392086300052,0.975290680855754,-0.0934355223605643,0
-1.06565571284076,-0.124495458660934,-0.252286520844768,0
-8.03661487513855,-6.85557098142662,-6.403370551731942,1
-6.07398900285949,-6.5331067689397,-4.7583040750911705,1
-0.971757538368114,-3.76387384832398,-0.859862301810301,1
-17.4759212828566,-16.5581971409376,-11.7121866242875,1
0.29294368939894,0.15491078563141902,-0.21165586893637,0
0.251190246750692,-0.7080030505519609,0.33609199140674,0
-4.66257695501824,0.31242416876940504,-1.95980925751416,1
-6.61909019992345,-4.6031761488307685,-4.93742665954554,1
-0.8591052250749399,0.353238977881053,-0.499683258253583,0
-17.7216383537133,-16.7283393320915,-11.797181067577698,1
-1.63514452424164,-0.6579476909822111,-0.867899742347565,1
-0.126211030415572,1.09369520754214,0.983589148983561,0
-0.0191554594206054,0.75219798775363,0.027219885034653,0
1.19028386545525,0.427050251274435,-0.951836413612392,0
-0.245630278499734,-0.235620110846864,-0.253128475164412,0
0.40144124922398905,-0.42250088573267,-0.207429365496401,0
-0.139918067058501,0.710712448247498,0.537696269582479,0
0.330445547214041,1.44008582727604,0.0853827741399843,0
-6.17428834800643,-4.68638689759229,-4.88114292689057,1
0.0769958300535713,1.47779003222246,-1.11365573972763,0
-8.88487177224851,-9.95919399367656,-7.575634379939362,1
-0.0480600587268933,-0.33839179183106,-1.03194824492159,0
-10.018106061361399,-5.09503162409832,-5.974925438255039,1
-4.28925378244217,-2.89990738849473,-2.7722721446591496,1
-0.9847806118589671,0.173718434057002,-0.284480233390708,0
-0.126605613077933,-0.637999755563215,-0.938615842842093,0
-0.0818438837968868,-0.6665032568801179,0.839951210148105,0
-0.8415564567470429,0.904538861005297,-2.99162435443206,0
0.6642251901707261,0.354798326275284,0.12813791410043598,0
-10.1275247811671,-10.2629840447185,-6.868508506725822,1
-8.60448620191387,-6.6528440527591,-6.2133552491157005,1
-0.14383288811575,-0.41166434118298,-0.194386217902652,0
-0.107936605973025,-0.8633684212208459,0.629495166972249,0
-8.64045910049478,-11.6356300484755,-9.66878891236125,1
-0.472025637126337,0.196886900487791,0.334532824069685,1
-0.11915389082935,-0.688656598261975,-0.297136553367484,0
-6.106183273471099,-3.8054689837433098,-4.44148408070017,1
-1.45560042159093,-0.0984873416830163,-1.16604561697173,0
-11.5434979157865,-10.2852825163315,-6.81081309938215,1
-4.7327675351632,-3.4119829114195,-3.95100289197434,1
-7.31157981735935,-2.59194964968951,-2.33593332652232,1
0.0629513662894461,1.83155332804812,-1.9958860719176,0
-9.440374994598429,-7.62916958856017,-4.13784019622865,1
-3.72454345377605,-2.38526266137636,-2.89261176082088,1
-0.595368055154121,0.23705090653938304,-0.57830580182609,0
-0.42429444648208703,0.722352930778245,-0.620578014294495,0
0.0801576448349559,0.016570578555746,-0.0539604277422997,0
-0.274157452552654,-0.273210238812136,-0.4628444201916711,0
-8.59204740189288,-11.0584014244364,-13.0094028057641,1
0.0664870561650038,-0.8537584536234342,0.7858606668332679,0
-0.3196176583969389,1.72685719939446,-0.13479635588334,0
-1.01665132685,0.827907242905219,-0.687948423643012,0
-0.7073499459486758,-0.102788827741739,1.36967248512499,0
-0.257371769516212,1.52179845764653,-0.046662035036345,0
-1.2774855603501398,0.564639350036639,-0.87261561561599,0
0.301488176856445,1.32517664923206,1.66332966196786,0
-0.8954336207517221,-1.07381224038496,-0.12165321768460903,1
-0.7060300955095309,-0.902788258414679,1.1260311073901,0
-6.8000980876853605,-6.2851249517606105,-4.81640080035747,1
1.68545089556716,-3.36070786829258,0.18464822230084896,0
-0.309092751484287,0.44407062993433705,-0.744598966536394,0
0.21809133972274,1.6163771662539,-1.13276855667836,0
-11.412329595125199,-15.5316111795156,-13.2025771482197,1
-7.7552536640417,-6.86166051434144,-6.561257410973768,1
0.5888289069687249,0.100373114543364,-0.710594228542401,0
-14.116156007430401,-17.1829184301947,-12.9654812039222,1
-10.1935303551514,-8.16412507731485,-8.74597261185534,1
-7.54364593187217,-6.51238933713471,-6.246243184771268,1
-0.34886035723465003,0.375323983116074,-1.55968327831384,0
0.43126274190368,0.0762614759766543,-0.0852935970687841,0
0.24594206034938,-0.315619039498558,-0.17512463325807198,0
-9.07271093398351,-4.61075647740608,-5.0525023671385805,1
-5.413786691426378,-5.691925785830881,-5.822449155685001,1
-9.40542306160986,-10.833164469314001,-5.576022636424152,1
0.13956741726515198,-0.240056328492088,0.955004466801798,1
0.469092474143979,0.659947427672962,-1.99236786967813,0
-5.588785576597401,-5.4798016767990605,-3.55583492739064,1
-0.263244998077908,0.0028842216291599,-0.997715464436744,0
-1.3634398479382102,0.819991010123442,-0.911826952909698,0
-1.3656412222865302,-0.0927549243245399,-0.520649991314308,0
-14.0047761755606,-14.2254557039818,-13.175198078736,1
0.00258585017037362,-0.0737317986652568,0.889768878586846,0
-9.092532651812947,-8.46396612952571,-9.04039624894471,1
-6.76333439062322,-8.16718805173089,-5.00924850212751,1
0.443494613347274,1.16428007949999,0.217749699620032,0
-6.03440257566619,-3.10347667138871,-1.6723459781411103,1
-0.660967626671015,-0.664683930228673,-1.03963769713185,1
0.401012777753041,1.11400379506702,0.227606539402803,0
0.4153417731590229,-0.109011999008871,-0.205080304951657,0
0.370053371790742,0.632720294748417,0.9082238095041222,0
0.320803289902058,0.7253918001731411,0.0245201629299629,0
-1.04236073220392,0.887987305728058,-0.7301408839845501,0
-4.32979551307589,-3.39426561777896,-3.94238290411726,1
-0.627911388208891,-0.206922608311314,1.50115880067278,0
-6.82658448658054,-6.87283866404082,-8.37275316035861,1
-3.7380233336674906,-6.9980424321007,-1.9877731876087,1
0.27471029150754,-0.708657345883242,1.71353755281029,1
0.453098522699497,0.0726763416751444,-1.93963844531237,0
0.42550048539232105,0.0736565150203547,0.00114875453377001,0
1.13456149746964,0.29432153103547604,-0.668179587240725,0
0.378511976833269,0.7196676973390842,0.936034168066444,0
-0.0925308992504762,-0.6854102730165771,-0.191605807478404,0
-8.52767862203589,-7.49227616878309,-5.29061006200618,1
-6.424372112733308,-4.92519869522976,-4.54261203828437,1
1.28358389256966,1.2426714431536598,-1.4410470091451395,0
0.597565459890519,0.908557040757319,0.0573713173089879,0
-0.6223566184158511,-0.331181533712537,-1.1750570806914098,0
0.131660619101648,0.363526930905456,-0.0961055124242848,0
-5.2748658188810005,-2.71918495125522,-0.7949938816625649,1
-5.05382476474338,0.0444153214634158,-2.15530254380865,1
0.712541142762088,-0.540534807018906,-0.0844995591396119,1
-1.5833434054393605,-3.62025176254298,-2.1204575946932303,1
-11.090424813262999,-6.94917182528041,-6.77833138248069,1
0.072329579716591,0.790074338942324,-1.48620952058168,0
1.60643289011635,-2.50517552620755,-0.7796311287950219,0
-14.266836279802801,-9.321152631360839,-3.47341070390428,1
-1.3443237652253002,1.07348912312364,-0.30754599765761403,0
-6.91763950579126,-10.3800731219167,-14.557159052885899,1
0.12809393425400695,0.457504797790758,-0.132812533795091,0
-5.23161145654992,-7.76119403219115,-5.20833459337633,1
-1.88027540328199,-0.276308752749667,-0.19412046650558104,1
-0.4985217757501021,0.285261608751792,0.54318725600578,1
-5.2919249547526785,-3.61123136485112,-3.8337413849476,1
-11.2723158701978,-6.88763735718558,-4.851487194117031,1
-11.534046018150802,-8.57676143258937,-8.40966487562735,1
-4.71049793587464,-4.22622469486547,-4.17062288702767,1
-10.2667581077355,-4.16211519175474,-3.89016924226376,1
-6.0793371930800495,-4.6096283906446,-2.44746925511151,1
-1.06614765158974,0.627472030686509,-0.54432032300797,0
0.167263956894427,0.426320338147611,0.0765624307510129,0
0.676451670432201,0.830031818615975,0.470217243216326,0
0.0483206407694778,1.0738695248627,-0.0221878019590347,0
-6.4252762135244295,-5.29376010254684,-4.993417038296469,1
-2.11002761834719,-0.718563312127179,0.0774450951347712,0
-0.5228020082241229,0.52558887634877,0.583270300220465,0
0.89360773509084,0.8906541251702479,0.470405669232371,0
0.8618877259917751,0.15004777935297198,-0.554193756115979,0
-0.4292119044474481,-0.28436799831749393,-0.133950251206468,1
-2.20950003424842,0.19164120491211895,-1.02163440342716,0
0.139545701053793,-0.492902677885252,0.6197688866609841,0
-0.41297949725654,-1.98837375184776,0.558040750231169,0
-0.10803482341503097,1.24363041692582,0.159629693321392,0
0.102010754003732,0.906209539451373,0.0477631938190864,0
-0.126419483450925,-0.8838244189287471,-0.469359184271406,0
0.285320807164012,1.35446264629354,-0.38930092502825,0
0.565211258549681,0.923321486948824,0.255404788665788,0
-14.2483158270781,-14.394766801672098,-13.2616517082667,1
0.706689010180884,0.0770687780133292,1.63471600102579,0
-0.0915731755217103,0.0690293252323922,1.38138067862127,0
-3.50170251648822,-6.0672619452469805,-4.09564897273592,1
-0.122765102020593,0.7774107714507471,-0.18429234720926,0
-3.1821680848114298,-3.83478156926117,-3.65142656863483,1
-0.545321980915099,-0.185302602813397,-1.43893405641176,0
-4.89818303490097,-3.90687694585664,-3.8410981507899,1
-0.38964355582190097,-0.302817366132492,-1.5230053591266102,0
-6.71387819491558,-5.17173460782892,-4.7117686842189,1
0.5713147735851999,1.20089938482634,0.0183390804373371,0
0.16518684038673098,1.67571562010745,-0.802711487877895,0
0.0712108785306475,-0.896398641356577,1.70480194053188,0
-7.028980272907058,-6.13603446645473,-6.06578236274727,1
-0.411119719887842,0.486311048582577,-0.539370362844856,0
1.29531515397662,-0.163691548743001,0.480916192298534,0
0.521483689902165,0.933215784460268,0.269561809170344,1
-0.103045912725143,0.955235416065904,-0.160065368807742,0
0.17023444610090804,0.722939399348585,0.0585656503267241,0
0.300558268191237,-0.6357208749646139,-0.10300789169428,0
-3.10393771952109,-5.122314109311031,-4.15635447965382,1
-0.0279418869069358,-0.7001925852570151,-0.42976265487281895,0
-2.41958929476962,-0.148488021968056,0.248610240544876,0
-2.9538242534189303,-4.3819195674924805,-2.70501138232752,1
0.145465524836759,0.23624891152032895,0.129171915748429,0
-0.00316439141995882,1.8266129227783896,-0.968899870774622,0
1.4547274397493402,0.12957336708322698,-0.412868697643128,0
-3.518131170485701,-4.1257222419036506,-5.16533081830893,1
-6.2330436707849515,-5.31444220386187,-3.2526335946828904,1
-4.82955244300835,-5.4879114860488,-7.80059820772759,1
-0.16991415305525698,0.5878096332585029,-0.00926379077857572,0
0.529731758354642,0.549142716755654,0.182310067069794,0
-7.113872782260691,-4.48127959922503,-7.0492293596958495,1
-12.913631737307696,-10.6498396512844,-8.99381088354112,1
0.5620505289774129,-0.670405622725323,-0.523389790894517,0
0.518205264282611,0.201467519935127,-0.119401611756997,0
0.3523706422858029,0.625665149601218,-0.762165367354417,0
0.696975457543374,-0.00435688169249649,0.0693229129806625,0
0.0658700389396487,-0.9495399583033342,-0.0453953085803848,0
-0.0581796148719761,0.704464466378845,0.377945491761471,0
0.843488844067111,0.235409954670691,-1.31060838169904,0
0.728835381813605,1.35143795338929,0.461973366194259,0
0.25219759802011,0.279116911509459,1.01721927051655,0
-0.329965430032154,-0.966587544932303,-0.228956432473901,0
-0.6016048642444151,-0.486572563751965,-0.342436977109591,0
0.24214084023184804,0.308683335189139,0.5650955950568051,0
-8.65374335706751,-15.717606646877199,-12.618162687238,1
-10.018502445928199,-7.75128547808951,-4.834827994626269,1
0.261022250843339,0.540113052513672,-0.0107212305356955,0
-5.24930454889762,-7.1864515905058814,-3.95581234352737,1
-0.201562524888895,-0.109554303865986,0.6126553245369211,0
-4.57126773103714,-3.4893746472906297,-3.75405392305562,1
-0.319559901113102,1.08197535391046,-0.227762505694469,0
-5.3387142095988205,-2.28866350030302,-3.9433368210052,1
-0.7825746956966031,-0.5139733184835921,0.4463712706872071,0
1.31501110939607,0.540932869818945,-0.877643282693312,0
0.0171691612583968,0.0996857574165623,0.3963569264469229,0
-0.551189659078432,0.9813017850958672,-0.215156260532624,0
-0.671193838556584,-0.16206630082823,1.47851801404876,0
0.774447164918607,-0.271715820500397,-0.7776649315913791,0
-10.242859083204,-10.6551809118898,-7.33437708370839,1
-0.23725186247541305,-0.395672670299299,1.61034177208235,0
-0.00779123029058128,0.687487636238951,-0.0450882478448673,1
0.220049117053747,1.07246439235407,0.0522439126190922,0
0.414208599710605,1.1046732553466698,-0.9739352355852848,0
-0.220555325125444,-0.990960376343955,0.8534275509974609,0
0.42223181462441295,1.77547774389768,-1.0297773539205302,0
1.2054274510349,0.19882694435791,0.223739274396751,0
-0.6738184531942489,-4.38107755793604,-6.6256924937182315,1
-11.0816168429851,-7.10148829773798,-5.33475387061743,1
-1.38420835413899,-0.0249798879588544,-0.312790082611908,0
-6.2219453594417695,-6.04023537903875,-3.55038539904852,1
-1.62487669479473,-1.2187777436019198,-1.31499551948765,0
-0.127353331180308,-0.8120237470988259,1.18293784944747,0
-8.72864506518152,-16.218610393127,-12.4389449056023,1
-6.77109672468083,-10.912819319401901,-4.80163740602813,1
-1.54187334094881,0.159722509089743,0.736896358210216,0
-0.0499862230378193,-1.33143036228669,1.11361467731164,0
-0.502870945330029,-0.642411411772478,1.6861136074269598,0
0.0608323111957417,0.353884117819184,-0.0875730121011254,0
-0.65142724840516,-1.04389092015874,1.4410009425166002,0
0.459907124866434,0.4604411322043139,-0.96297427680293,0
0.184459679758596,0.4276649175317071,0.214785438888853,0
-0.290770261088891,1.15705011295459,-1.2635463563219198,0
-14.4915983463022,-14.563979755213197,-13.3482776536659,1
0.854005773003297,-2.37066817661212,-0.8384347833420709,0
1.18696047724388,-1.48861011871896,-0.6112106173278361,0
0.17680534108914395,0.0986653619926005,-0.208489618412496,0
-6.19247526385522,-5.00744082816051,-4.684233325140291,1
0.8949805357895172,-0.15297632547729598,0.780808520070776,0
-6.6651768946333805,-5.4174240819973,-5.58779378195338,1
-0.658246292064356,0.281744446861465,-0.159325098707444,1
-1.93765780964083,0.523420513075929,-0.8240601607153679,0
-7.05231095228929,-6.48911156043177,-5.7268170963296114,1
-4.79973713485762,-2.84444933585435,-3.73965947930309,1
-11.608002257099304,-8.68160893168352,-8.53775768653457,1
0.20668624826299695,0.6206740665480172,-0.0583283560521617,0
-10.2588514782991,-4.15249885001879,-3.89824038104731,1
-13.2729650621928,-13.7170673789468,-12.916636109170899,1
-0.312467572996253,0.903533572771845,0.698614413993283,0
0.0383719793321978,1.23777331256672,0.644549730341658,1
-4.978118014385151,-1.9599274961862296,-3.50892466189359,1
-13.725684613436101,-8.83250972518326,-2.4112720149303,1
-2.1411635867958,-0.17884188299276002,2.66058541322223,0
-9.07271093398351,-4.61075647740608,-5.0525023671385805,1
0.609687710040878,0.462464304182092,0.0211303066686133,0
-0.15693212717569902,0.404546512945133,-0.6349824684669321,0
-6.220605353042918,-7.00432728360605,1.01511287978593,1
-2.9541667226513497,0.144622386270367,0.22884943058048104,1
-2.42916601060841,-0.12398772138943903,-1.0425561174637,0
0.305348017277724,1.14609202449196,-0.0055884193012588285,0
0.0561822224779483,-0.8981306933512171,0.725885136211613,0
0.22950634229906305,-0.205568286239173,0.0328612485060814,0
0.227488071498629,0.704247692471448,-0.6239105758245971,0
-13.9694706254616,-9.001914855568199,-2.49756054724841,1
-0.0732808884614666,0.406484711566325,0.0267967448277704,0
-7.03588005080407,-5.297811402087531,-4.919348299352468,1
-5.15247483394519,-3.24482729860534,-0.423783865294484,1
-4.57926372815218,-5.31433227604015,-7.7310714411342,1
-0.0142585375732558,0.0310974224266686,0.0416271038033833,0
-7.495187336358758,-7.12825076846601,-5.51550707258062,1
-5.853545070898,-6.40830067684822,-4.89115620289902,1
0.572766849898872,-0.0661358550634743,0.406292277859158,0
-9.07271093398351,-4.61075647740608,-5.0525023671385805,1
-0.16244044666644,0.563724514370685,-0.155983074572784,0
-7.67866801029943,-8.525464925345629,-5.52627805985834,1
0.8135635839384,-1.15031543976944,-0.5829553885379711,0
0.369703361172387,-0.215004130266048,0.239282048991842,0
-0.20338955320801705,0.6236835800488989,-0.389385002411796,0
-8.22556891234807,-7.346716786442831,-4.46628416302479,1
-0.0408654466111519,0.31144791705464003,0.360891396406473,0
-1.88061870491121,-2.26293253493218,0.369936028027435,1
0.15241952370338,-0.609651104526136,0.9497230657744352,0
-6.020578970970202,-3.46854525803227,-3.22455914814995,1
-6.52746224116063,-5.7885170305197,-5.92735916911943,1
0.5856194175200671,0.4819481627974629,0.0698116384033564,0
0.709940933008031,0.330329858552008,0.272511801682261,0
-0.6735676049415571,-0.347502449870052,1.28182313293928,0
-14.979477348914196,-13.351815018081,-13.386683439524601,1
-16.3375959447735,-14.154165360960699,-12.981619145004,1
-8.893726335570369,-5.737815167616861,-4.40092985049667,1
0.8137724976979859,0.0902876374426396,0.8895100788884541,0
-0.7921520645641351,1.06694612670347,-0.7384454623016179,0
-9.07271093398351,-4.61075647740608,-5.0525023671385805,1
1.3883304772623099e-05,-0.322371193080709,0.44007652732772107,0
-1.10869894034456,-2.81888227036892,-0.357616193093852,1
-0.15086399496558495,0.634803496591339,-1.22995220089795,0
0.8792945236138199,1.01708732238918,0.14918509573833302,0
-12.451498657047999,-6.11770391144604,-5.576418795756591,1
0.236012069891562,0.5246551950893811,-0.252305712360788,0
-8.5604228759795,-5.517147626925981,-5.9548382969224,1
-2.7575567665508403,-0.280523276849375,0.259411077154011,1
-0.353261960670416,1.08637386856548,-1.2197426074182098,0
-0.505431023911433,-0.0825799635050427,1.40304793770402,0
1.7854313939407802,0.8073064124099241,0.9502562726047932,0
-7.506169374081451,-8.60164826276464,-6.7167200227127015,1
0.578869439330842,-0.795988136674965,-0.150129182778684,1
-5.387831226863519,-3.0107717381687795,-3.52012767367189,1
0.270678308600537,0.131071700858295,-0.731973372188784,0
0.110580859948215,0.800698418116595,-1.88484750656132,0
-2.37665364067708,-0.158825775049249,-0.2837312839673869,1
-8.299659530599559,-7.64298306727846,-7.5021121909368595,1
-10.309334189307199,-9.22585530778592,-8.12216107491307,1
-10.7395718907673,-9.40706094796316,-7.14219911358407,1
-8.60475886835984,-7.7814479532704,-7.8335555711125,1
-0.461838271274097,-0.246764326456006,1.1754035140886498,0
-0.21720349503638,-0.253217546373447,0.15975144289409102,0
-3.9856260082220296,-3.78445965821089,-3.36401057980002,1
-0.422668615815092,0.618804616879786,-0.428094816204953,0
-9.46613912320431,-8.6407464115182,-8.40315026242229,1
-5.42936187944371,-3.2461414368533497,-2.9328952580311,1
-13.0268638593173,-13.3802218737527,-11.519860926414196,1
-0.337358546888447,-0.794564460038404,0.421299766596984,0
-7.5557289410166595,-3.5416874793120003,-2.7327919665376497,1
-4.55566674751092,-2.87240010922107,-4.15583783449678,1
-4.757074498507371,-4.59661151187479,-2.9966693020716,1
-0.022763741936818,0.41192857257384,0.468825074310012,0
-0.4446246672437321,0.554833235635896,0.516584932271328,0
-0.44906031812422,-4.0042688829569,-1.08960217981398,0
0.127313874899406,-0.457355302316103,0.0225743376419626,0
-9.88721406724695,-11.9608660326622,-12.6959474039839,1
0.0454935896995714,-0.22911416517186806,-0.710612614178852,0
-0.9268071029471032,-0.553391967495333,-0.7787613906911959,0
0.389998551820749,-0.7924629839264871,0.640772052125273,0
-4.86186658087283,-0.468571538051367,-2.12697274994354,1
0.8053021207833969,0.30606469515356394,0.4347818185473429,0
-0.449137192407262,0.847338394441346,-0.581898524775061,0
-1.29838694962578,0.191421655503716,-0.8848714304541702,0
0.0936649702073488,1.01707638137438,-0.0604217657416511,0
-0.9137869705835128,-0.677096334427304,3.24508640095346,1
0.392434231041225,0.496585298900067,-0.0217548036363136,0
0.244542887474501,-0.37119849341939504,-0.14639633156826998,0
0.0638152243490316,0.740349581788773,-0.8885206234352091,0
-1.74697738768026,0.0669877443041467,0.973660769154052,0
-1.04370522504569,0.6545667192723089,-0.5857784313855279,1
-4.63463139323434,-3.9560452014094714,-3.84391103993778,1
-0.0549522967451285,0.7166115828299751,0.107702368441296,0
0.409118960084728,-0.173121423322963,0.407223425238782,0
-0.10552767704820197,1.56116226899237,-0.08230679495882902,0
-9.07271093398351,-4.61075647740608,-5.0525023671385805,1
-6.98927231350758,-5.259996132998469,-5.17993471366321,1
-5.58044712038062,-6.00866000668561,-8.00915938639777,1
-2.24151634571345,-6.4877464130660405,-2.8503239016002704,1
-4.69278763834241,-3.68294346446482,-2.27152578398956,1
-4.56600986017187,-2.13473197122041,-3.27256917385192,1
1.06526242773606,-0.0757071123077077,0.217630453611954,1
-6.28109364908023,-2.7723488058336403,-3.2630067255383097,1
0.280058028970814,-0.4373306731971301,0.407625378140559,0
-1.01691553500414,-0.8634308531452809,1.987861862693,1
-12.043805615846301,-5.64041745782421,-5.17281182346005,1
-13.7610179615936,-14.0560611837648,-13.0888909176936,1
0.17068461580483302,-1.43704679425465,0.7464885282323921,0
-12.457998930714199,-7.95962843222551,-6.28542447506796,1
-0.3701864809321501,0.2244765515903,1.08391728890644,0
-7.07736060637589,-1.4604711229673402,-1.88484243991678,1
1.455469162871,0.468030434954599,0.18216223429456896,0
-1.10633727007674,0.815364209619954,-0.5534818203102211,0
0.984993219111346,0.9796748353087592,-1.13445381068391,1
-9.861372107651661,-4.5038012164162184,-4.23098383571181,1
-15.0663743633461,-15.0226996343749,-13.6705451263516,1
-4.35043446756499,-4.10212741074135,-5.11297108805175,1
1.26814661675691,-2.85427542751023,1.7837390603636,1
-6.39717031528651,-2.45083242908802,-3.0965035986871703,1
0.98434361557577,-0.0504679838548109,2.6886699325222403,1
-9.9585309187018,-6.60065448140166,-3.93629417027159,1
1.3780528758846995,-0.609897300699706,-0.290911069155085,0
-1.5085571402416798,0.999716276092526,-2.06990438955593,1
-1.5988228373180602,0.22794558139689106,-0.933996106016756,0
-1.47010153611197,-6.56012429505962,-1.52541162656194,1
-5.25425346321937,-3.4748629669024504,-3.0740343126805403,1
-0.931614224984722,0.0443966388940644,1.01029102209398,1
0.67612923929874,0.7813335655862149,0.0289284173835633,0
-6.04339314434942,-6.11638322304304,-3.9905513318108,1
-5.58687312563725,-2.71873063246571,-4.35068531246963,1
